set,algorithm,fold,r,R2,MAE,RMSE
Set 1,LR,0,0.7164,0.513,3.7454,4.9773
Set 1,LR,1,0.7264,0.5246,3.5905,4.7894
Set 1,LR,2,0.7388,0.5412,3.7645,4.9125
Set 1,LR,3,0.7468,0.5524,3.5473,4.729
Set 1,LR,4,0.7319,0.5348,3.6618,4.8274
Set 1,KNN,0,0.7415,0.5402,3.5579,4.8367
Set 1,KNN,1,0.7401,0.5332,3.5272,4.7459
Set 1,KNN,2,0.7595,0.5702,3.5502,4.7549
Set 1,KNN,3,0.7543,0.5607,3.4732,4.6848
Set 1,KNN,4,0.7376,0.5365,3.6132,4.8185
Set 1,DT,0,0.7133,0.4854,3.802,5.1166
Set 1,DT,1,0.7114,0.4806,3.7139,5.0061
Set 1,DT,2,0.736,0.5289,3.7213,4.9779
Set 1,DT,3,0.7307,0.5152,3.6793,4.9218
Set 1,DT,4,0.7066,0.4773,3.8535,5.1169
Set 1,RF,0,0.7726,0.596,3.3495,4.5336
Set 1,RF,1,0.7706,0.5915,3.2766,4.4394
Set 1,RF,2,0.7932,0.6277,3.3103,4.4252
Set 1,RF,3,0.7914,0.6251,3.214,4.3278
Set 1,RF,4,0.771,0.5945,3.3971,4.5071
Set 1,MLP,0,0.7643,0.5839,3.4134,4.6008
Set 1,MLP,1,0.7657,0.5844,3.3119,4.478
Set 1,MLP,2,0.7882,0.6152,3.3974,4.4992
Set 1,MLP,3,0.7868,0.6175,3.2523,4.3715
Set 1,MLP,4,0.7687,0.5906,3.4307,4.5283
Set 1,SVM,0,0.7801,0.6081,3.3273,4.5182
Set 1,SVM,1,0.7549,0.5696,3.4417,4.6648
Set 1,SVM,2,0.7732,0.5963,3.4233,4.5692
Set 1,SVM,3,0.7489,0.5595,3.3907,4.6167
Set 1,SVM,4,0.7663,0.5864,3.3957,4.5825
Set 2,LR,0,0.7408,0.5485,3.5872,4.7925
Set 2,LR,1,0.7463,0.5536,3.4787,4.6409
Set 2,LR,2,0.7607,0.5766,3.5798,4.7192
Set 2,LR,3,0.7617,0.5776,3.425,4.5941
Set 2,LR,4,0.7477,0.5586,3.5539,4.7022
Set 2,KNN,0,0.8472,0.715,2.7783,3.8076
Set 2,KNN,1,0.8369,0.6969,2.7781,3.8241
Set 2,KNN,2,0.8568,0.7312,2.7627,3.76
Set 2,KNN,3,0.8543,0.7288,2.6965,3.6813
Set 2,KNN,4,0.8287,0.6839,2.9475,3.979
Set 2,DT,0,0.8595,0.7343,2.6639,3.6765
Set 2,DT,1,0.8546,0.7256,2.6521,3.6384
Set 2,DT,2,0.8697,0.7514,2.6352,3.6161
Set 2,DT,3,0.8735,0.7598,2.5172,3.4642
Set 2,DT,4,0.8644,0.7423,2.6302,3.593
Set 2,RF,0,0.8703,0.7554,2.6191,3.5275
Set 2,RF,1,0.8657,0.7461,2.5805,3.5003
Set 2,RF,2,0.8819,0.7752,2.5574,3.439
Set 2,RF,3,0.8762,0.7644,2.5398,3.4307
Set 2,RF,4,0.8644,0.7462,2.6625,3.5657
Set 2,MLP,0,0.8176,0.6682,3.0582,4.1084
Set 2,MLP,1,0.806,0.6485,3.0345,4.1181
Set 2,MLP,2,0.8398,0.7001,2.98,3.9718
Set 2,MLP,3,0.8245,0.6787,2.9525,4.0068
Set 2,MLP,4,0.8053,0.6482,3.1516,4.1976
Set 2,SVM,0,0.8041,0.6464,3.16,4.2913
Set 2,SVM,1,0.7896,0.6232,3.1751,4.365
Set 2,SVM,2,0.8045,0.6467,3.1619,4.2744
Set 2,SVM,3,0.7807,0.6091,3.1579,4.3488
Set 2,SVM,4,0.7995,0.6381,3.1713,4.2864
Set 3,LR,0,0.7565,0.5717,3.5041,4.6678
Set 3,LR,1,0.7522,0.561,3.4528,4.6022
Set 3,LR,2,0.776,0.6006,3.468,4.5832
Set 3,LR,3,0.7725,0.5949,3.3634,4.4989
Set 3,LR,4,0.7549,0.5695,3.5129,4.6436
Set 3,KNN,0,0.8313,0.6871,2.9102,3.9897
Set 3,KNN,1,0.8144,0.6587,2.937,4.0581
Set 3,KNN,2,0.843,0.7087,2.8689,3.9146
Set 3,KNN,3,0.8442,0.7109,2.7967,3.8008
Set 3,KNN,4,0.8203,0.6691,3.0017,4.0712
Set 3,DT,0,0.8668,0.7475,2.6022,3.5838
Set 3,DT,1,0.8602,0.7347,2.6144,3.5775
Set 3,DT,2,0.8726,0.7581,2.5844,3.5669
Set 3,DT,3,0.8726,0.758,2.549,3.4773
Set 3,DT,4,0.8572,0.7286,2.6943,3.6874
Set 3,RF,0,0.8729,0.7603,2.5875,3.4924
Set 3,RF,1,0.8658,0.7464,2.5851,3.4981
Set 3,RF,2,0.8826,0.7766,2.5437,3.4281
Set 3,RF,3,0.8796,0.771,2.5079,3.3826
Set 3,RF,4,0.8678,0.7517,2.6273,3.5269
Set 3,MLP,0,0.8148,0.6636,3.0841,4.1371
Set 3,MLP,1,0.7981,0.6336,3.1023,4.2042
Set 3,MLP,2,0.8328,0.6931,3.0098,4.0176
Set 3,MLP,3,0.828,0.6855,2.9357,3.9637
Set 3,MLP,4,0.81,0.6556,3.1373,4.1537
Set 3,SVM,0,0.8032,0.6429,3.1511,4.313
Set 3,SVM,1,0.7987,0.6376,3.1028,4.2804
Set 3,SVM,2,0.8161,0.6657,3.0722,4.1582
Set 3,SVM,3,0.789,0.6212,3.1216,4.2807
Set 3,SVM,4,0.8113,0.6579,3.102,4.1678
Set 4,LR,0,0.7948,0.6314,3.2043,4.3306
Set 4,LR,1,0.7895,0.6184,3.1605,4.2911
Set 4,LR,2,0.8086,0.6527,3.1691,4.2738
Set 4,LR,3,0.8086,0.6519,3.0826,4.1706
Set 4,LR,4,0.7954,0.6322,3.2045,4.2921
Set 4,KNN,0,0.8739,0.7621,2.4214,3.479
Set 4,KNN,1,0.8644,0.7442,2.4642,3.5129
Set 4,KNN,2,0.8825,0.7784,2.4044,3.4138
Set 4,KNN,3,0.8918,0.795,2.2808,3.2005
Set 4,KNN,4,0.8701,0.7557,2.4917,3.498
Set 4,DT,0,0.8823,0.7736,2.4285,3.3937
Set 4,DT,1,0.8745,0.7592,2.4546,3.4085
Set 4,DT,2,0.8852,0.7797,2.4269,3.4038
Set 4,DT,3,0.8955,0.7991,2.2958,3.1679
Set 4,DT,4,0.8788,0.768,2.4786,3.4093
Set 4,RF,0,0.8982,0.8042,2.2866,3.156
Set 4,RF,1,0.8895,0.7872,2.2962,3.2041
Set 4,RF,2,0.902,0.8109,2.277,3.1537
Set 4,RF,3,0.9072,0.8195,2.1843,3.0027
Set 4,RF,4,0.8927,0.7947,2.3373,3.2067
Set 4,MLP,0,0.8635,0.7451,2.6337,3.6008
Set 4,MLP,1,0.8577,0.7354,2.6047,3.5733
Set 4,MLP,2,0.8745,0.7648,2.5969,3.5177
Set 4,MLP,3,0.8825,0.7764,2.4742,3.3423
Set 4,MLP,4,0.8583,0.7359,2.6595,3.6369
Set 4,SVM,0,0.8392,0.7028,2.8279,3.9343
Set 4,SVM,1,0.83,0.6881,2.8123,3.9714
Set 4,SVM,2,0.8503,0.7227,2.7307,3.787
Set 4,SVM,3,0.8234,0.6759,2.7723,3.9597
Set 4,SVM,4,0.8492,0.7211,2.7029,3.7632
