,,r,r,R2,R2,MAE,MAE,RMSE,RMSE
,,mean,std,mean,std,mean,std,mean,std
set,algorithm,,,,,,,,
Set 1,DT,0.72,0.013,0.497,0.023,3.754,0.071,5.028,0.087
Set 1,KNN,0.747,0.01,0.548,0.016,3.544,0.051,4.768,0.061
Set 1,LR,0.732,0.012,0.533,0.015,3.662,0.095,4.847,0.099
Set 1,MLP,0.775,0.012,0.598,0.017,3.361,0.076,4.496,0.083
Set 1,RF,0.78,0.011,0.607,0.018,3.309,0.07,4.447,0.08
Set 1,SVM,0.765,0.013,0.584,0.02,3.396,0.044,4.59,0.055
Set 2,DT,0.864,0.008,0.743,0.014,2.62,0.059,3.598,0.081
Set 2,KNN,0.845,0.012,0.711,0.02,2.793,0.093,3.81,0.109
Set 2,LR,0.751,0.009,0.563,0.013,3.525,0.07,4.69,0.076
Set 2,MLP,0.819,0.014,0.669,0.022,3.035,0.077,4.081,0.091
Set 2,RF,0.872,0.007,0.757,0.012,2.592,0.049,3.493,0.058
Set 2,SVM,0.796,0.01,0.633,0.016,3.165,0.008,4.313,0.041
Set 3,DT,0.866,0.007,0.745,0.013,2.609,0.054,3.579,0.075
Set 3,KNN,0.831,0.013,0.687,0.023,2.903,0.077,3.967,0.112
Set 3,LR,0.762,0.011,0.58,0.017,3.46,0.06,4.599,0.065
Set 3,MLP,0.817,0.014,0.666,0.024,3.054,0.081,4.095,0.1
Set 3,RF,0.874,0.007,0.761,0.013,2.57,0.046,3.466,0.059
Set 3,SVM,0.804,0.011,0.645,0.017,3.11,0.029,4.24,0.072
Set 4,DT,0.883,0.008,0.776,0.015,2.417,0.071,3.357,0.106
Set 4,KNN,0.877,0.011,0.767,0.02,2.412,0.081,3.421,0.129
Set 4,LR,0.799,0.009,0.637,0.015,3.164,0.05,4.272,0.06
Set 4,MLP,0.867,0.011,0.752,0.018,2.594,0.071,3.534,0.116
Set 4,RF,0.898,0.007,0.803,0.013,2.276,0.056,3.145,0.083
Set 4,SVM,0.838,0.012,0.702,0.02,2.769,0.053,3.883,0.1
