test_city,algorithm,r,R2,MAE,RMSE
Guntur,LR,0.822,0.4822,4.0104,5.2377
Guntur,KNN,0.6547,0.2979,4.309,6.0988
Guntur,DT,0.768,0.4855,3.8575,5.2207
Guntur,RF,0.857,0.6076,3.478,4.5595
Guntur,MLP,0.7358,0.3626,4.1144,5.8109
Guntur,SVM,0.8049,0.5021,3.7807,5.1361
Nellore,LR,0.7794,0.5988,3.3298,4.3356
Nellore,KNN,0.674,0.4138,3.845,5.2406
Nellore,DT,0.653,0.344,4.1455,5.5442
Nellore,RF,0.7565,0.57,3.3474,4.4887
Nellore,MLP,0.7112,0.4456,3.6789,5.0969
Nellore,SVM,0.7685,0.5808,3.2863,4.4317
Tirupati,LR,0.6754,0.304,4.0772,5.5861
Tirupati,KNN,0.5888,0.1931,4.4535,6.0146
Tirupati,DT,0.531,0.0275,4.919,6.6031
Tirupati,RF,0.6437,0.2383,4.2719,5.8437
Tirupati,MLP,0.6387,0.0266,4.7895,6.6062
Tirupati,SVM,0.6634,0.247,4.1751,5.8103
Vijayawada,LR,0.779,0.5863,2.925,3.9215
Vijayawada,KNN,0.7414,0.4593,3.3403,4.4833
Vijayawada,DT,0.7348,0.4078,3.4519,4.6921
Vijayawada,RF,0.8316,0.6773,2.5139,3.4638
Vijayawada,MLP,0.7943,0.6062,2.7898,3.8262
Vijayawada,SVM,0.798,0.5838,2.7657,3.9334
Visakhapatnam,LR,0.7707,0.5232,3.0517,4.1546
Visakhapatnam,KNN,0.7688,0.5501,3.0791,4.0356
Visakhapatnam,DT,0.6179,0.2652,3.8195,5.1577
Visakhapatnam,RF,0.6825,0.3667,3.4789,4.7882
Visakhapatnam,MLP,0.534,-0.1691,3.8211,6.5055
Visakhapatnam,SVM,0.7667,0.5173,3.2658,4.1803
